insert into COMUNITAT (Codi_comunitat, Nom_comunitat) values (01, 'Andalucía');
insert into COMUNITAT (Codi_comunitat, Nom_comunitat) values (02, 'Aragón');
insert into COMUNITAT (Codi_comunitat, Nom_comunitat) values (03, 'Asturias, Principado de');
insert into COMUNITAT (Codi_comunitat, Nom_comunitat) values (04, 'Balears, Illes');
insert into COMUNITAT (Codi_comunitat, Nom_comunitat) values (05, 'Canarias');
insert into COMUNITAT (Codi_comunitat, Nom_comunitat) values (06, 'Cantabria');
insert into COMUNITAT (Codi_comunitat, Nom_comunitat) values (07, 'Castilla y León');
insert into COMUNITAT (Codi_comunitat, Nom_comunitat) values (08, 'Castilla - La Mancha');
insert into COMUNITAT (Codi_comunitat, Nom_comunitat) values (09, 'Cataluña');
insert into COMUNITAT (Codi_comunitat, Nom_comunitat) values (10, 'Comunitat Valenciana');
insert into COMUNITAT (Codi_comunitat, Nom_comunitat) values (11, 'Extremadura');
insert into COMUNITAT (Codi_comunitat, Nom_comunitat) values (12, 'Galicia');
insert into COMUNITAT (Codi_comunitat, Nom_comunitat) values (13, 'Madrid, Comunidad de');
insert into COMUNITAT (Codi_comunitat, Nom_comunitat) values (14, 'Murcia, Región de');
insert into COMUNITAT (Codi_comunitat, Nom_comunitat) values (15, 'Navarra, Comunidad Foral de');
insert into COMUNITAT (Codi_comunitat, Nom_comunitat) values (16, 'País Vasco');
insert into COMUNITAT (Codi_comunitat, Nom_comunitat) values (17, 'Rioja, La');
insert into COMUNITAT (Codi_comunitat, Nom_comunitat) values (18, 'Ceuta');
insert into COMUNITAT (Codi_comunitat, Nom_comunitat) values (19, 'Melilla');

insert into PROVINCIA (Codi_provincia, Nom_província, p_comunitat) values (02, 'Albacete', 08);
insert into PROVINCIA (Codi_provincia, Nom_província, p_comunitat) values (03, 'Alicante/Alacant', 10);
insert into PROVINCIA (Codi_provincia, Nom_província, p_comunitat) values (04, 'Almería', 01);
insert into PROVINCIA (Codi_provincia, Nom_província, p_comunitat) values (01, 'Araba/Álava', 16);
insert into PROVINCIA (Codi_provincia, Nom_província, p_comunitat) values (33, 'Asturias', 03);
insert into PROVINCIA (Codi_provincia, Nom_província, p_comunitat) values (05, 'Ávila', 07);
insert into PROVINCIA (Codi_provincia, Nom_província, p_comunitat) values (06, 'Badajoz', 11);
insert into PROVINCIA (Codi_provincia, Nom_província, p_comunitat) values (07, 'Balears, Illes', 04);
insert into PROVINCIA (Codi_provincia, Nom_província, p_comunitat) values (08, 'Barcelona', 09);
insert into PROVINCIA (Codi_provincia, Nom_província, p_comunitat) values (48, 'Bizkaia', 16);
insert into PROVINCIA (Codi_provincia, Nom_província, p_comunitat) values (09, 'Burgos' 07);
insert into PROVINCIA (Codi_provincia, Nom_província, p_comunitat) values (10, 'Cáceres', 11);
insert into PROVINCIA (Codi_provincia, Nom_província, p_comunitat) values (11, 'Cádiz', 01);
insert into PROVINCIA (Codi_provincia, Nom_província, p_comunitat) values (39, 'Cantabria', 06);
insert into PROVINCIA (Codi_provincia, Nom_província, p_comunitat) values (12, 'Castellón/Castelló', 10);
insert into PROVINCIA (Codi_provincia, Nom_província, p_comunitat) values (13, 'Ciudad Real', 08);
insert into PROVINCIA (Codi_provincia, Nom_província, p_comunitat) values (14, 'Córdoba', 01);
insert into PROVINCIA (Codi_provincia, Nom_província, p_comunitat) values (15, 'Coruña, A', 12);
insert into PROVINCIA (Codi_provincia, Nom_província, p_comunitat) values (16, 'Cuenca', 08);
insert into PROVINCIA (Codi_provincia, Nom_província, p_comunitat) values (20, 'Gipuzkoa', 16);
insert into PROVINCIA (Codi_provincia, Nom_província, p_comunitat) values (17, 'Girona', 09);
insert into PROVINCIA (Codi_provincia, Nom_província, p_comunitat) values (18, 'Granada', 01);
insert into PROVINCIA (Codi_provincia, Nom_província, p_comunitat) values (19, 'Guadalajara' 08);
insert into PROVINCIA (Codi_provincia, Nom_província, p_comunitat) values (21, 'Huelva', 01);
insert into PROVINCIA (Codi_provincia, Nom_província, p_comunitat) values (22, 'Huesca', 02);
insert into PROVINCIA (Codi_provincia, Nom_província, p_comunitat) values (23, 'Jaén', 01);
insert into PROVINCIA (Codi_provincia, Nom_província, p_comunitat) values (24, 'León' 07);
insert into PROVINCIA (Codi_provincia, Nom_província, p_comunitat) values (25, 'Lleida', 09);
insert into PROVINCIA (Codi_provincia, Nom_província, p_comunitat) values (27, 'Lugo', 12);
insert into PROVINCIA (Codi_provincia, Nom_província, p_comunitat) values (28, 'Madrid', 13);
insert into PROVINCIA (Codi_provincia, Nom_província, p_comunitat) values (29, 'Málaga', 01);
insert into PROVINCIA (Codi_provincia, Nom_província, p_comunitat) values (30, 'Murcia', 14);
insert into PROVINCIA (Codi_provincia, Nom_província, p_comunitat) values (31, 'Navarra', 15);
insert into PROVINCIA (Codi_provincia, Nom_província, p_comunitat) values (32, 'Ourense', 12);
insert into PROVINCIA (Codi_provincia, Nom_província, p_comunitat) values (34, 'Palencia', 07);
insert into PROVINCIA (Codi_provincia, Nom_província, p_comunitat) values (35, 'Palmas, Las', 05);
insert into PROVINCIA (Codi_provincia, Nom_província, p_comunitat) values (36, 'Pontevedra', 12);
insert into PROVINCIA (Codi_provincia, Nom_província, p_comunitat) values (26, 'Rioja, La', 17);
insert into PROVINCIA (Codi_provincia, Nom_província, p_comunitat) values (37, 'Salamanca', 07);
insert into PROVINCIA (Codi_provincia, Nom_província, p_comunitat) values (38, 'Santa Cruz de Tenerife' 05);
insert into PROVINCIA (Codi_provincia, Nom_província, p_comunitat) values (40, 'Segovia', 07);
insert into PROVINCIA (Codi_provincia, Nom_província, p_comunitat) values (41, 'Sevilla', 01);
insert into PROVINCIA (Codi_provincia, Nom_província, p_comunitat) values (42, 'Soria', 07);
insert into PROVINCIA (Codi_provincia, Nom_província, p_comunitat) values (43, 'Tarragona', 09);
insert into PROVINCIA (Codi_provincia, Nom_província, p_comunitat) values (44, 'Teruel', 02);
insert into PROVINCIA (Codi_provincia, Nom_província, p_comunitat) values (45, 'Toledo', 08);
insert into PROVINCIA (Codi_provincia, Nom_província, p_comunitat) values (46, 'Valencia/València', 10);
insert into PROVINCIA (Codi_provincia, Nom_província, p_comunitat) values (47, 'Valladolid', 07);
insert into PROVINCIA (Codi_provincia, Nom_província, p_comunitat) values (49, 'Zamora', 07);
insert into PROVINCIA (Codi_provincia, Nom_província, p_comunitat) values (50, 'Zaragoza', 02);
insert into PROVINCIA (Codi_provincia, Nom_província, p_comunitat) values (51, 'Ceuta', 18);
insert into PROVINCIA (Codi_provincia, Nom_província, p_comunitat) values (52, 'Melilla', 19);

insert into MUNICIPIS (Codi_municipi, Nom, p_provincia) values (080018, 'Abrera', 08);
insert into MUNICIPIS (Codi_municipi, Nom, p_provincia) values (080039, 'Alella', 08);
insert into MUNICIPIS (Codi_municipi, Nom, p_provincia) values (080044, 'Alpens', 08);
insert into MUNICIPIS (Codi_municipi, Nom, p_provincia) values (080229, 'Berga', 08);
insert into MUNICIPIS (Codi_municipi, Nom, p_provincia) values (080193, 'Barcelona', 08);

insert into MUNICIPIS (Codi_municipi, Nom, p_provincia) values (170010, 'Agullana', 17);
insert into MUNICIPIS (Codi_municipi, Nom, p_provincia) values (170025, 'Aiguaviva', 17);
insert into MUNICIPIS (Codi_municipi, Nom, p_provincia) values (170046, 'Albons', 17);
insert into MUNICIPIS (Codi_municipi, Nom, p_provincia) values (170139, 'Begur', 17);
insert into MUNICIPIS (Codi_municipi, Nom, p_provincia) values (170237, 'Blanes', 17);

insert into MUNICIPIS (Codi_municipi, Nom, p_provincia) values (430043, 'Alcanar', 43);
insert into MUNICIPIS (Codi_municipi, Nom, p_provincia) values (430094, 'Alfora', 43);
insert into MUNICIPIS (Codi_municipi, Nom, p_provincia) values (430192, 'Ascó', 43);
insert into MUNICIPIS (Codi_municipi, Nom, p_provincia) values (430249, 'Bellvei', 43);
insert into MUNICIPIS (Codi_municipi, Nom, p_provincia) values (430379, 'Calafell', 43);

insert into MUNICIPIS (Codi_municipi, Nom, p_provincia) values (250030, 'Agramunt', 25);
insert into MUNICIPIS (Codi_municipi, Nom, p_provincia) values (250387, 'Aitona', 25);
insert into MUNICIPIS (Codi_municipi, Nom, p_provincia) values (250083, 'Albesa', 25);
insert into MUNICIPIS (Codi_municipi, Nom, p_provincia) values (250156, 'Algerri', 25);
insert into MUNICIPIS (Codi_municipi, Nom, p_provincia) values (250463, 'Belianes', 25);


insert into EMPLEAT (Nom_E, DNI_E, Nom, Telèfon, Salari, naci_municipio) values (1, 8773281, 'McCart', '787 371 1008', 26637, 080018);
insert into EMPLEAT (Nom_E, DNI_E, Nom, Telèfon, Salari, naci_municipio) values (2, 7842874, 'Minmagh', '123 295 2427', 38624, 080018);
insert into EMPLEAT (Nom_E, DNI_E, Nom, Telèfon, Salari, naci_municipio) values (3, 6644408, 'Otto', '402 740 4639', 32353, 080018);
insert into EMPLEAT (Nom_E, DNI_E, Nom, Telèfon, Salari, naci_municipio) values (4, 4202456, 'Bridgewater', '330 879 4839', 38592, 080018);
insert into EMPLEAT (Nom_E, DNI_E, Nom, Telèfon, Salari, naci_municipio) values (5, 8429056, 'Swaton', '637 750 1004', 35705, 080018);

insert into EMPLEAT (Nom_E, DNI_E, Nom, Telèfon, Salari, naci_municipio) values (1, 5170637, 'Lissett', '235 429 4600', 27942, '080039');
insert into EMPLEAT (Nom_E, DNI_E, Nom, Telèfon, Salari, naci_municipio) values (2, 7167224, 'Eales', '706 789 2767', 39918, '080039');
insert into EMPLEAT (Nom_E, DNI_E, Nom, Telèfon, Salari, naci_municipio) values (3, 3946831, 'Patullo', '313 280 9126', 23913, '080039');
insert into EMPLEAT (Nom_E, DNI_E, Nom, Telèfon, Salari, naci_municipio) values (4, 8103875, 'Whapples', '515 661 1346', 25644, '080039');
insert into EMPLEAT (Nom_E, DNI_E, Nom, Telèfon, Salari, naci_municipio) values (5, 6515606, 'Swalteridge', '367 668 7345', 33370, '080039');

insert into EMPLEAT (Nom_E, DNI_E, Nom, Telèfon, Salari, naci_municipio) values (1, 4378343, 'Giannazzi', '674 719 6359', 34082, '080044');
insert into EMPLEAT (Nom_E, DNI_E, Nom, Telèfon, Salari, naci_municipio) values (2, 2359462, 'Jebb', '735 951 7162', 32237, '080044');
insert into EMPLEAT (Nom_E, DNI_E, Nom, Telèfon, Salari, naci_municipio) values (3, 9109042, 'Summerlee', '590 642 9186', 23421, '080044');
insert into EMPLEAT (Nom_E, DNI_E, Nom, Telèfon, Salari, naci_municipio) values (4, 8935828, 'Kurten', '721 648 7994', 34267, '080044');
insert into EMPLEAT (Nom_E, DNI_E, Nom, Telèfon, Salari, naci_municipio) values (5, 2157246, 'Ronchka', '573 761 6491', 32207, '080044');

insert into EMPLEAT (Nom_E, DNI_E, Nom, Telèfon, Salari, naci_municipio) values (1, 7100170, 'Glawsop', '281 582 1878', 37505, '080229');
insert into EMPLEAT (Nom_E, DNI_E, Nom, Telèfon, Salari, naci_municipio) values (2, 2864171, 'Attoc', '123 197 9497', 32018, '080229');
insert into EMPLEAT (Nom_E, DNI_E, Nom, Telèfon, Salari, naci_municipio) values (3, 5822425, 'Thunnercliffe', '533 548 8415', 22668, '080229');
insert into EMPLEAT (Nom_E, DNI_E, Nom, Telèfon, Salari, naci_municipio) values (4, 4396085, 'Wolledge', '393 372 0304', 21975, '080229');
insert into EMPLEAT (Nom_E, DNI_E, Nom, Telèfon, Salari, naci_municipio) values (5, 8700667, 'Simonin', '492 357 5707', 34414, '080229');

insert into EMPLEAT (Nom_E, DNI_E, Nom, Telèfon, Salari, naci_municipio) values (1, 9285270, 'Kitter', '322 734 5180', 33065, '080193');
insert into EMPLEAT (Nom_E, DNI_E, Nom, Telèfon, Salari, naci_municipio) values (2, 6739449, 'Masden', '212 679 8137', 24220, '080193');
insert into EMPLEAT (Nom_E, DNI_E, Nom, Telèfon, Salari, naci_municipio) values (3, 9405526, 'Furphy', '987 136 2172', 28402, '080193');
insert into EMPLEAT (Nom_E, DNI_E, Nom, Telèfon, Salari, naci_municipio) values (4, 3302735, 'Greenhaugh', '858 639 1732', 20040, '080193');
insert into EMPLEAT (Nom_E, DNI_E, Nom, Telèfon, Salari, naci_municipio) values (5, 2423913, 'Ferroni', '222 778 7625', 33466, '080193');

insert into EMPLEAT (Nom_E, DNI_E, Nom, Telèfon, Salari, naci_municipio) values (1, 2602735, 'Eim', '268 118 6271', 21250, 170010);
insert into EMPLEAT (Nom_E, DNI_E, Nom, Telèfon, Salari, naci_municipio) values (2, 1075193, 'Alenin', '634 124 8797', 39136, 170010);
insert into EMPLEAT (Nom_E, DNI_E, Nom, Telèfon, Salari, naci_municipio) values (3, 6911169, 'Radband', '492 306 9972', 31008, 170010);
insert into EMPLEAT (Nom_E, DNI_E, Nom, Telèfon, Salari, naci_municipio) values (4, 7349324, 'Ogley', '509 481 8522', 27093, 170010);
insert into EMPLEAT (Nom_E, DNI_E, Nom, Telèfon, Salari, naci_municipio) values (5, 9940993, 'Corless', '431 629 4531', 36601, 170010);

insert into EMPLEAT (Nom_E, DNI_E, Nom, Telèfon, Salari, naci_municipio) values (1, 2238586, 'Kenewel', '150 274 9654', 27878, 170025);
insert into EMPLEAT (Nom_E, DNI_E, Nom, Telèfon, Salari, naci_municipio) values (2, 5693673, 'Solley', '606 993 9091', 36498, 170025);
insert into EMPLEAT (Nom_E, DNI_E, Nom, Telèfon, Salari, naci_municipio) values (3, 4235717, 'Kincaid', '433 734 4669', 28327, 170025);
insert into EMPLEAT (Nom_E, DNI_E, Nom, Telèfon, Salari, naci_municipio) values (4, 4026535, 'Schanke', '113 574 1119', 24749, 170025);
insert into EMPLEAT (Nom_E, DNI_E, Nom, Telèfon, Salari, naci_municipio) values (5, 1758018, 'Shirlaw', '173 873 8009', 25051, 170025);

insert into EMPLEAT (Nom_E, DNI_E, Nom, Telèfon, Salari, naci_municipio) values (1, 5634931, 'Ailward', '597 505 4727', 32064, 170046);
insert into EMPLEAT (Nom_E, DNI_E, Nom, Telèfon, Salari, naci_municipio) values (2, 8388418, 'McNabb', '626 988 3084', 35102, 170046);
insert into EMPLEAT (Nom_E, DNI_E, Nom, Telèfon, Salari, naci_municipio) values (3, 8152251, 'Igonet', '922 137 9434', 38987, 170046);
insert into EMPLEAT (Nom_E, DNI_E, Nom, Telèfon, Salari, naci_municipio) values (4, 1621117, 'Keeltagh', '907 899 5734', 26474, 170046);
insert into EMPLEAT (Nom_E, DNI_E, Nom, Telèfon, Salari, naci_municipio) values (5, 2893127, 'Bett', '101 453 8276', 35914, 170046);

insert into EMPLEAT (Nom_E, DNI_E, Nom, Telèfon, Salari, naci_municipio) values (1, 4970544, 'Bechley', '119 744 1779', 22682, 170139);
insert into EMPLEAT (Nom_E, DNI_E, Nom, Telèfon, Salari, naci_municipio) values (2, 3357697, 'Alexsandrov', '600 255 1081', 38547, 170139);
insert into EMPLEAT (Nom_E, DNI_E, Nom, Telèfon, Salari, naci_municipio) values (3, 6874484, 'Jeaves', '921 583 3327', 32130, 170139);
insert into EMPLEAT (Nom_E, DNI_E, Nom, Telèfon, Salari, naci_municipio) values (4, 7032821, 'Gimson', '707 735 2707', 22108, 170139);
insert into EMPLEAT (Nom_E, DNI_E, Nom, Telèfon, Salari, naci_municipio) values (5, 5300910, 'Kuhlmey', '609 671 5454', 35444, 170139);

insert into EMPLEAT (Nom_E, DNI_E, Nom, Telèfon, Salari, naci_municipio) values (1, 8459730, 'Philbin', '198 153 7638', 37901, 170237);
insert into EMPLEAT (Nom_E, DNI_E, Nom, Telèfon, Salari, naci_municipio) values (2, 5101421, 'Spreckley', '750 905 6408', 20953, 170237);
insert into EMPLEAT (Nom_E, DNI_E, Nom, Telèfon, Salari, naci_municipio) values (3, 9817691, 'Danks', '195 419 7896', 22789, 170237);
insert into EMPLEAT (Nom_E, DNI_E, Nom, Telèfon, Salari, naci_municipio) values (4, 6549425, 'Whitfeld', '212 971 9096', 28612, 170237);
insert into EMPLEAT (Nom_E, DNI_E, Nom, Telèfon, Salari, naci_municipio) values (5, 2675458, 'Blaisdale', '845 932 0092', 34253, 170237);

insert into EMPLEAT (Nom_E, DNI_E, Nom, Telèfon, Salari, naci_municipio) values (1, 4620182, 'Alywen', '208 467 5094', 38436, 430043);
insert into EMPLEAT (Nom_E, DNI_E, Nom, Telèfon, Salari, naci_municipio) values (2, 8444326, 'Deaton', '715 640 8013', 23084, 430043);
insert into EMPLEAT (Nom_E, DNI_E, Nom, Telèfon, Salari, naci_municipio) values (3, 7867209, 'Brewitt', '951 801 1878', 20489, 430043);
insert into EMPLEAT (Nom_E, DNI_E, Nom, Telèfon, Salari, naci_municipio) values (4, 5305863, 'Lamdin', '204 904 4495', 31177, 430043);
insert into EMPLEAT (Nom_E, DNI_E, Nom, Telèfon, Salari, naci_municipio) values (5, 9175233, 'Eate', '654 874 8590', 38529, 430043);

insert into EMPLEAT (Nom_E, DNI_E, Nom, Telèfon, Salari, naci_municipio) values (1, 9621392, 'Gorger', '632 756 9096', 29932, 430094);
insert into EMPLEAT (Nom_E, DNI_E, Nom, Telèfon, Salari, naci_municipio) values (2, 9299293, 'Stoodley', '819 674 2899', 26038, 430094);
insert into EMPLEAT (Nom_E, DNI_E, Nom, Telèfon, Salari, naci_municipio) values (3, 9608166, 'Pierro', '793 812 6739', 22503, 430094);
insert into EMPLEAT (Nom_E, DNI_E, Nom, Telèfon, Salari, naci_municipio) values (4, 8798102, 'Stoddart', '948 404 5850', 38756, 430094);
insert into EMPLEAT (Nom_E, DNI_E, Nom, Telèfon, Salari, naci_municipio) values (5, 8146834, 'Upstell', '304 962 1498', 23886, 430094);

insert into EMPLEAT (Nom_E, DNI_E, Nom, Telèfon, Salari, naci_municipio) values (1, 2494004, 'Zecchinii', '706 857 5516', 30546, 430192);
insert into EMPLEAT (Nom_E, DNI_E, Nom, Telèfon, Salari, naci_municipio) values (2, 3595034, 'Bennoe', '996 825 5048', 39583, 430192);
insert into EMPLEAT (Nom_E, DNI_E, Nom, Telèfon, Salari, naci_municipio) values (3, 9897538, 'McGraw', '222 599 0800', 25186, 430192);
insert into EMPLEAT (Nom_E, DNI_E, Nom, Telèfon, Salari, naci_municipio) values (4, 9233094, 'Jentle', '794 884 4577', 39650, 430192);
insert into EMPLEAT (Nom_E, DNI_E, Nom, Telèfon, Salari, naci_municipio) values (5, 8061136, 'Follis', '939 977 9076', 39160, 430192);

insert into EMPLEAT (Nom_E, DNI_E, Nom, Telèfon, Salari, naci_municipio) values (1, 7491412, 'Ondricek', '243 408 4105', 24833, 430249);
insert into EMPLEAT (Nom_E, DNI_E, Nom, Telèfon, Salari, naci_municipio) values (2, 2906570, 'Johanchon', '566 797 6335', 20323, 430249);
insert into EMPLEAT (Nom_E, DNI_E, Nom, Telèfon, Salari, naci_municipio) values (3, 8000831, 'Brunesco', '819 397 3855', 22647, 430249);
insert into EMPLEAT (Nom_E, DNI_E, Nom, Telèfon, Salari, naci_municipio) values (4, 6901862, 'Barbour', '109 975 9366', 24172, 430249);
insert into EMPLEAT (Nom_E, DNI_E, Nom, Telèfon, Salari, naci_municipio) values (5, 7433783, 'Francillo', '549 931 1723', 38297, 430249);

insert into EMPLEAT (Nom_E, DNI_E, Nom, Telèfon, Salari, naci_municipio) values (1, 2553226, 'Poulglais', '275 835 7272', 28646, 430379);
insert into EMPLEAT (Nom_E, DNI_E, Nom, Telèfon, Salari, naci_municipio) values (2, 6743678, 'Spalton', '892 661 3954', 34881, 430379);
insert into EMPLEAT (Nom_E, DNI_E, Nom, Telèfon, Salari, naci_municipio) values (3, 9129770, 'Karczinski', '878 108 1045', 39474, 430379);
insert into EMPLEAT (Nom_E, DNI_E, Nom, Telèfon, Salari, naci_municipio) values (4, 1535300, 'Annott', '296 849 5051', 22311, 430379);
insert into EMPLEAT (Nom_E, DNI_E, Nom, Telèfon, Salari, naci_municipio) values (5, 5261731, 'Harbar', '334 873 2014', 21100, 430379);

insert into EMPLEAT (Nom_E, DNI_E, Nom, Telèfon, Salari, naci_municipio) values (1, 9374426, 'Pill', '317 620 8541', 28150, 250030);
insert into EMPLEAT (Nom_E, DNI_E, Nom, Telèfon, Salari, naci_municipio) values (2, 1582291, 'Welsh', '916 393 6808', 34413, 250030);
insert into EMPLEAT (Nom_E, DNI_E, Nom, Telèfon, Salari, naci_municipio) values (3, 7974876, 'Vlasenkov', '934 738 8388', 27370, 250030);
insert into EMPLEAT (Nom_E, DNI_E, Nom, Telèfon, Salari, naci_municipio) values (4, 2016032, 'Somerset', '592 316 4151', 22783, 250030);
insert into EMPLEAT (Nom_E, DNI_E, Nom, Telèfon, Salari, naci_municipio) values (5, 6811399, 'Cullabine', '450 715 8433', 21640, 250030);

insert into EMPLEAT (Nom_E, DNI_E, Nom, Telèfon, Salari, naci_municipio) values (1, 2717299, 'Ferreres', '203 952 8556', 35129, 250387);
insert into EMPLEAT (Nom_E, DNI_E, Nom, Telèfon, Salari, naci_municipio) values (2, 2605296, 'Arnhold', '210 563 5280', 37816, 250387);
insert into EMPLEAT (Nom_E, DNI_E, Nom, Telèfon, Salari, naci_municipio) values (3, 2164177, 'Kamienski', '295 960 8191', 20527, 250387);
insert into EMPLEAT (Nom_E, DNI_E, Nom, Telèfon, Salari, naci_municipio) values (4, 2666241, 'Zarb', '707 449 5814', 34770, 250387);
insert into EMPLEAT (Nom_E, DNI_E, Nom, Telèfon, Salari, naci_municipio) values (5, 3359816, 'Roxburgh', '714 361 0724', 20680, 250387);

insert into EMPLEAT (Nom_E, DNI_E, Nom, Telèfon, Salari, naci_municipio) values (1, 9040465, 'Goney', '716 850 8523', 21122, 250083);
insert into EMPLEAT (Nom_E, DNI_E, Nom, Telèfon, Salari, naci_municipio) values (2, 1323029, 'Bowdon', '438 555 4790', 31979, 250083);
insert into EMPLEAT (Nom_E, DNI_E, Nom, Telèfon, Salari, naci_municipio) values (3, 7551028, 'Hartigan', '732 594 8463', 24710, 250083);
insert into EMPLEAT (Nom_E, DNI_E, Nom, Telèfon, Salari, naci_municipio) values (4, 3262088, 'Pendre', '370 106 0656', 27345, 250083);
insert into EMPLEAT (Nom_E, DNI_E, Nom, Telèfon, Salari, naci_municipio) values (5, 8066016, 'Howland', '353 745 0949', 23227, 250083);

insert into EMPLEAT (Nom_E, DNI_E, Nom, Telèfon, Salari, naci_municipio) values (1, 8298285, 'Straker', '800 343 6488', 32366, 250156);
insert into EMPLEAT (Nom_E, DNI_E, Nom, Telèfon, Salari, naci_municipio) values (2, 8915608, 'Wilacot', '886 769 9876', 36517, 250156);
insert into EMPLEAT (Nom_E, DNI_E, Nom, Telèfon, Salari, naci_municipio) values (3, 3366790, 'Gravenall', '932 741 2803', 27632, 250156);
insert into EMPLEAT (Nom_E, DNI_E, Nom, Telèfon, Salari, naci_municipio) values (4, 2892634, 'Leithgoe', '326 537 8900', 33661, 250156);
insert into EMPLEAT (Nom_E, DNI_E, Nom, Telèfon, Salari, naci_municipio) values (5, 2881624, 'Laughtisse', '157 225 2607', 26456, 250156);

insert into EMPLEAT (Nom_E, DNI_E, Nom, Telèfon, Salari, naci_municipio) values (1, 3636743, 'Deverick', '425 850 0811', 25132, 250463);
insert into EMPLEAT (Nom_E, DNI_E, Nom, Telèfon, Salari, naci_municipio) values (2, 2586094, 'Keppy', '633 252 1667', 34271, 250463);
insert into EMPLEAT (Nom_E, DNI_E, Nom, Telèfon, Salari, naci_municipio) values (3, 6115486, 'Woolaston', '345 327 6753', 29992, 250463);
insert into EMPLEAT (Nom_E, DNI_E, Nom, Telèfon, Salari, naci_municipio) values (4, 1905528, 'Peagram', '224 632 5590', 31101, 250463);
insert into EMPLEAT (Nom_E, DNI_E, Nom, Telèfon, Salari, naci_municipio) values (5, 9113970, 'Dubble', '256 588 4339', 32628, 250463);
